200	application/javascript; charset=UTF-8	/assets/AbTestDashboard-CfKLirUF.js
200	application/javascript; charset=UTF-8	/assets/AccountManagement-Bfkbk1VX.js
200	application/javascript; charset=UTF-8	/assets/AdDashboard--2d2aT8V.js
200	application/javascript; charset=UTF-8	/assets/AdFormSubmissions-DE9jGQCP.js
200	application/javascript; charset=UTF-8	/assets/AgencyDashboard-CM8bD7TC.js
200	application/javascript; charset=UTF-8	/assets/AgencyLiverRegister-uTrcKsxW.js
200	application/javascript; charset=UTF-8	/assets/AgencyLogin-B_kOJXT-.js
200	application/javascript; charset=UTF-8	/assets/AgencyManagement-B97OeYmQ.js
200	application/javascript; charset=UTF-8	/assets/AiCoachMaster-IgZGd2AL.js
200	application/javascript; charset=UTF-8	/assets/AiLearningDashboard-BATZ5xQn.js
200	application/javascript; charset=UTF-8	/assets/BarcodeScanner-CxSPfa8r.js
200	application/javascript; charset=UTF-8	/assets/BeautyWallet-B3x_HKlS.js
200	application/javascript; charset=UTF-8	/assets/BlogAdmin-DGZv3dQt.js
200	application/javascript; charset=UTF-8	/assets/BlogArticlePage-CcH417if.js
200	application/javascript; charset=UTF-8	/assets/BlogEditor-BmXgdz2D.js
200	application/javascript; charset=UTF-8	/assets/BlogListPage-BGpT-btB.js
200	application/javascript; charset=UTF-8	/assets/BlogTagPage-9A8qDRwO.js
200	application/javascript; charset=UTF-8	/assets/BrandAdditionLogs-B3an07EC.js
200	application/javascript; charset=UTF-8	/assets/BrandApplications-BOtnhUDj.js
200	application/javascript; charset=UTF-8	/assets/BrandDetail-CzjlL5Ly.js
200	application/javascript; charset=UTF-8	/assets/BrandDetailPage-D3h-zl6R.js
200	application/javascript; charset=UTF-8	/assets/BrandFinance-psyjTqep.js
200	application/javascript; charset=UTF-8	/assets/BrandForm-bPSq1kHr.js
200	application/javascript; charset=UTF-8	/assets/BrandList-BaBZSrSv.js
200	application/javascript; charset=UTF-8	/assets/BrandListPage-DiHhuaZU.js
200	application/javascript; charset=UTF-8	/assets/BrandPortal-Bf_u5Ugu.js
200	application/javascript; charset=UTF-8	/assets/BrandPortalAdmin-CkpQ2gqT.js
200	application/javascript; charset=UTF-8	/assets/BrandSampleLP-CyQPDNDt.js
200	application/javascript; charset=UTF-8	/assets/BrandSimulationView-DXfGs0QA.js
200	application/javascript; charset=UTF-8	/assets/BulkInvoicePrint-DXCzvkxW.js
200	application/javascript; charset=UTF-8	/assets/BusinessCardProfile-LS0XGNI4.js
200	application/javascript; charset=UTF-8	/assets/BusinessCards-CUhrvOCD.js
200	application/javascript; charset=UTF-8	/assets/BuybackAdmin-Cb3wT0nS.js
200	application/javascript; charset=UTF-8	/assets/BuybackPage-Cm3JUnt1.js
200	application/javascript; charset=UTF-8	/assets/Calendar-DR7SesKw.js
200	application/javascript; charset=UTF-8	/assets/Catalog-B0gBBYTl.js
200	application/javascript; charset=UTF-8	/assets/Chat-CZ_-LZh-.js
200	application/javascript; charset=UTF-8	/assets/ChatInvite-eSyIVDAQ.js
200	application/javascript; charset=UTF-8	/assets/ChatRegister-DaElJQ5b.js
200	application/javascript; charset=UTF-8	/assets/ChatReport-DoCeRlKY.js
200	application/javascript; charset=UTF-8	/assets/CheckoutCancel-CfRffNrW.js
200	application/javascript; charset=UTF-8	/assets/CheckoutSuccess-BEI4OUDH.js
200	application/javascript; charset=UTF-8	/assets/Dashboard-Il6gq-rt.js
200	application/javascript; charset=UTF-8	/assets/EmailThread-KUi7UkSN.js
200	application/javascript; charset=UTF-8	/assets/FeaturedProductsAdmin-yMR4drAe.js
200	application/javascript; charset=UTF-8	/assets/FestivalAdmin-i3DJqFUz.js
200	application/javascript; charset=UTF-8	/assets/FestivalApplyCompany-DegYlnWK.js
200	application/javascript; charset=UTF-8	/assets/FestivalApplyGeneral-DHflUZI8.js
200	application/javascript; charset=UTF-8	/assets/FestivalApplyLiver-DN-jPgXz.js
200	application/javascript; charset=UTF-8	/assets/FinanceManagement-C9mNdTCR.js
200	application/javascript; charset=UTF-8	/assets/ForgotPassword-75YDdYIf.js
200	application/javascript; charset=UTF-8	/assets/ForgotPasswordAdmin-PpweEIGK.js
200	application/javascript; charset=UTF-8	/assets/FriendReferralChallenge-BugaRuvv.js
200	application/javascript; charset=UTF-8	/assets/HRManagement-C-f_M7t4.js
200	application/javascript; charset=UTF-8	/assets/IssueTracker-ByEVTGxY.js
200	application/javascript; charset=UTF-8	/assets/KakuhenChance-DdVRvEi2.js
200	application/javascript; charset=UTF-8	/assets/KakuhenTest-D0SHYivf.js
200	application/javascript; charset=UTF-8	/assets/LcfAdmin-CRiN0w-o.js
200	application/javascript; charset=UTF-8	/assets/LcfBoothReservation-B1ZuQd1j.js
200	application/javascript; charset=UTF-8	/assets/LcfLogin-CyKeE8MB.js
200	application/javascript; charset=UTF-8	/assets/LcfMypage-51mZuuH_.js
200	application/javascript; charset=UTF-8	/assets/LcfRanking-B9dKKdOT.js
200	application/javascript; charset=UTF-8	/assets/LcjBrain-DwQjsAlI.js
200	application/javascript; charset=UTF-8	/assets/LcjCoinDashboard-BoGZNHRq.js
200	application/javascript; charset=UTF-8	/assets/LcjCoinMyLogin-BIDrQz3J.js
200	application/javascript; charset=UTF-8	/assets/LcjCoinMyPage-BHYHrJtI.js
200	application/javascript; charset=UTF-8	/assets/LcjLiverList-DXxlOyzE.js
200	application/javascript; charset=UTF-8	/assets/LineFollowUps-Dss7rrbe.js
200	application/javascript; charset=UTF-8	/assets/LineLogin-wO99NWbJ.js
200	application/javascript; charset=UTF-8	/assets/LineLoginCallback-ZB0IoPqR.js
200	application/javascript; charset=UTF-8	/assets/LineManagement-igPbd3rK.js
200	application/javascript; charset=UTF-8	/assets/LineMypage-q7IX4Yuk.js
200	application/javascript; charset=UTF-8	/assets/LineReceiptManagement-DEeSfHCb.js
200	application/javascript; charset=UTF-8	/assets/LiveCommerceFestival-0B_kcfAM.js
200	application/javascript; charset=UTF-8	/assets/LiveCommerceFestivalTop-26EXyuh3.js
200	application/javascript; charset=UTF-8	/assets/LiveSuggestions-CzphzZZC.js
200	application/javascript; charset=UTF-8	/assets/LiverAiCoach-JeyQucwQ.js
200	application/javascript; charset=UTF-8	/assets/LiverByName-Cou0MEYM.js
200	application/javascript; charset=UTF-8	/assets/LiverDashboard-Cj5b2GBA.js
200	application/javascript; charset=UTF-8	/assets/LiverDashboardNew-1h33jheh.js
200	application/javascript; charset=UTF-8	/assets/LiverDetail-DrPqIkII.js
200	application/javascript; charset=UTF-8	/assets/LiverDetailNew-DqODNeac.js
200	application/javascript; charset=UTF-8	/assets/LiverEditAdmin-CCzJd8U_.js
200	application/javascript; charset=UTF-8	/assets/LiverForgotPassword-Denu_GUi.js
200	application/javascript; charset=UTF-8	/assets/LiverHome-ClNu2LF4.js
200	application/javascript; charset=UTF-8	/assets/LiverLineSetup-lmDw7VqW.js
200	application/javascript; charset=UTF-8	/assets/LiverList-C9HrB1Jc.js
200	application/javascript; charset=UTF-8	/assets/LiverLogin-CVrnPvcY.js
200	application/javascript; charset=UTF-8	/assets/LiverMypage-Dh6DAlSD.js
200	application/javascript; charset=UTF-8	/assets/LiverProductCatalog-0m_0ZpAw.js
200	application/javascript; charset=UTF-8	/assets/LiverProductSelect-YZ_AiRqC.js
200	application/javascript; charset=UTF-8	/assets/LiverProfile-yVjKE-8G.js
200	application/javascript; charset=UTF-8	/assets/LiverRecord-9RLr_mEI.js
200	application/javascript; charset=UTF-8	/assets/LiverRegister-DDw6yANV.js
200	application/javascript; charset=UTF-8	/assets/LiverResetPassword-D1kO1UPb.js
200	application/javascript; charset=UTF-8	/assets/LiverSampleRequest-Dn4bvnyI.js
200	application/javascript; charset=UTF-8	/assets/LiverSchedule-PsFc9zrs.js
200	application/javascript; charset=UTF-8	/assets/LiverSelfRecord-BJAt86XV.js
200	application/javascript; charset=UTF-8	/assets/LiverSetApplication-CV_c2gS9.js
200	application/javascript; charset=UTF-8	/assets/LivestreamDetail-YJAE5wZX.js
200	application/javascript; charset=UTF-8	/assets/LivestreamEdit-DZXcJCxO.js
200	application/javascript; charset=UTF-8	/assets/LivestreamRealtimeRecord-BcYrTcwH.js
200	application/javascript; charset=UTF-8	/assets/Login-B14_-Nlq.js
200	application/javascript; charset=UTF-8	/assets/MallBrandCategoryManagement-7-UPiQgL.js
200	application/javascript; charset=UTF-8	/assets/MallCart-Doqeozp1.js
200	application/javascript; charset=UTF-8	/assets/MallDashboardPage-BiAiXP8L.js
200	application/javascript; charset=UTF-8	/assets/MallMembers-2IDB-7vO.js
200	application/javascript; charset=UTF-8	/assets/MallProductDetail-PcL5dVd9.js
200	application/javascript; charset=UTF-8	/assets/MallProducts-DFmrl84u.js
200	application/javascript; charset=UTF-8	/assets/MasterControl-DlJuQwZT.js
200	application/javascript; charset=UTF-8	/assets/MasterSetSuggestions-ABHBkHbP.js
200	application/javascript; charset=UTF-8	/assets/MegaChannelAdmin-C_wVe_X_.js
200	application/javascript; charset=UTF-8	/assets/MegaChannelBanner-CYf0jywv.js
200	application/javascript; charset=UTF-8	/assets/MemberDetail-BN_LJD0s.js
200	application/javascript; charset=UTF-8	/assets/MobmartLiverList-CTswXrpA.js
200	application/javascript; charset=UTF-8	/assets/MobmartSchedule-BPUz9zu8.js
200	application/javascript; charset=UTF-8	/assets/MorningMeeting-B8N6S7Ed.js
200	application/javascript; charset=UTF-8	/assets/OrderManagement-BDK6BZHb.js
200	application/javascript; charset=UTF-8	/assets/PendingResponses-BPlMegKF.js
200	application/javascript; charset=UTF-8	/assets/PointRequest-0Q2tiVDl.js
200	application/javascript; charset=UTF-8	/assets/PointRequestAdmin-C5YX0oJW.js
200	application/javascript; charset=UTF-8	/assets/PrivacyPolicy-an2zptN0.js
200	application/javascript; charset=UTF-8	/assets/ProductCard-OC1BXBut.js
200	application/javascript; charset=UTF-8	/assets/ProductGranenzyme-BBLhCY_a.js
200	application/javascript; charset=UTF-8	/assets/ProductLab-BVcEOoBD.js
200	application/javascript; charset=UTF-8	/assets/ProductManagement-C8h_F8aU.js
200	application/javascript; charset=UTF-8	/assets/ProductRanking-BW_Dtr_K.js
200	application/javascript; charset=UTF-8	/assets/ProductRequestsAdmin-BoTGOyZT.js
200	application/javascript; charset=UTF-8	/assets/ProductReviews-BwFInZdT.js
200	application/javascript; charset=UTF-8	/assets/ProductVote-DEaFJ1oC.js
200	application/javascript; charset=UTF-8	/assets/ProposalPage-nDHAB5nG.js
200	application/javascript; charset=UTF-8	/assets/PublicLiverSchedule-LNvSbaKs.js
200	application/javascript; charset=UTF-8	/assets/PublicSchedule-CHV-nbpc.js
200	application/javascript; charset=UTF-8	/assets/ReceiptAnalytics-CFI3ZdMB.js
200	application/javascript; charset=UTF-8	/assets/ReceiptHub-C2sVuih7.js
200	application/javascript; charset=UTF-8	/assets/ReceiptUpload-BQsumS2G.js
200	application/javascript; charset=UTF-8	/assets/RecoveredLivestreamSetShowcase-7wrZiH6a.js
200	application/javascript; charset=UTF-8	/assets/Recruit-DibLO1ce.js
200	application/javascript; charset=UTF-8	/assets/RecruitmentManagement-D2roUH1o.js
200	application/javascript; charset=UTF-8	/assets/ReferralManagement-D8ciI_O0.js
200	application/javascript; charset=UTF-8	/assets/Register-CCmKBD7P.js
200	application/javascript; charset=UTF-8	/assets/RegistrationBonus-ChmrdhwU.js
200	application/javascript; charset=UTF-8	/assets/ReportAnalysis-CM_NG1W3.js
200	application/javascript; charset=UTF-8	/assets/ReportForm-B9jAF9cC.js
200	application/javascript; charset=UTF-8	/assets/ReportStaffManagement-pGmZpFPw.js
200	application/javascript; charset=UTF-8	/assets/Reports-CFAm42PH.js
200	application/javascript; charset=UTF-8	/assets/ResetPassword-BmUwJEzU.js
200	application/javascript; charset=UTF-8	/assets/ResetPasswordAdmin-rXdX99lJ.js
200	application/javascript; charset=UTF-8	/assets/ReviewDatabase-CtyKlBQn.js
200	application/javascript; charset=UTF-8	/assets/RundownManager-DvOxjeoY.js
200	application/javascript; charset=UTF-8	/assets/SalesCheck-CFL-HcSX.js
200	application/javascript; charset=UTF-8	/assets/SampleRequestsAdmin-CSMfWeMs.js
200	application/javascript; charset=UTF-8	/assets/ScheduleGroupManagement-BlTm7Zgy.js
200	application/javascript; charset=UTF-8	/assets/SelectionCenter-BJAEI2_h.js
200	application/javascript; charset=UTF-8	/assets/SetApplicationsAdmin-MFKBvrbJ.js
200	application/javascript; charset=UTF-8	/assets/SetImageGenerator-B7ndYtmY.js
200	application/javascript; charset=UTF-8	/assets/ShortVideoMatrix-Cbxy4huB.js
200	application/javascript; charset=UTF-8	/assets/Simulator-s90pjLeQ.js
200	application/javascript; charset=UTF-8	/assets/SpinDemo-Df4taJFi.js
200	application/javascript; charset=UTF-8	/assets/StaffManagement-wLL_XZ_D.js
200	application/javascript; charset=UTF-8	/assets/StaffSchedule-DOVQO0Zy.js
200	application/javascript; charset=UTF-8	/assets/StaffTasks-S0Ri5ai-.js
200	application/javascript; charset=UTF-8	/assets/StepEmailAnalytics-mzNmQB_1.js
200	application/javascript; charset=UTF-8	/assets/StepEmailLogs-7MnM-drP.js
200	application/javascript; charset=UTF-8	/assets/StepEmailTemplates-CYBGKDQ3.js
200	application/javascript; charset=UTF-8	/assets/StoreManagement-BS5lVotK.js
200	application/javascript; charset=UTF-8	/assets/SystemUserManagement-DxeaaCaz.js
200	application/javascript; charset=UTF-8	/assets/TaskComplete-CcjZZcxI.js
200	application/javascript; charset=UTF-8	/assets/TaskCreate-RlN-Ydz6.js
200	application/javascript; charset=UTF-8	/assets/TaskDetail-DnOv3KGB.js
200	application/javascript; charset=UTF-8	/assets/TaskList-nZ95y1Fd.js
200	application/javascript; charset=UTF-8	/assets/Tokushoho-DNvvBsUa.js
200	application/javascript; charset=UTF-8	/assets/checkbox-BO7twrAa.js
200	application/javascript; charset=UTF-8	/assets/command-whFDpwFl.js
200	application/javascript; charset=UTF-8	/assets/format-DMm6umYn.js
200	application/javascript; charset=UTF-8	/assets/index-AYpD7IzJ.js
200	application/javascript; charset=UTF-8	/assets/index-BPeO-I2Z.js
200	application/javascript; charset=UTF-8	/assets/index-BdQq_4o_.js
200	application/javascript; charset=UTF-8	/assets/index-BdnV3iji.js
200	application/javascript; charset=UTF-8	/assets/index-C561s2Ue.js
200	application/javascript; charset=UTF-8	/assets/index-CIG9vJlN.js
200	text/css; charset=UTF-8	/assets/index-CyAuISp2.css
200	application/javascript; charset=UTF-8	/assets/index-DDFlzcJ8.js
200	application/javascript; charset=UTF-8	/assets/index-DOw0McJX.js
200	application/javascript; charset=UTF-8	/assets/index-DXwC657i.js
200	text/css; charset=UTF-8	/assets/index-tRDxnmfY.css
200	application/javascript; charset=UTF-8	/assets/input-k-i9Q9GI.js
200	application/javascript; charset=UTF-8	/assets/invoicePdf-B778uzI7.js
200	application/javascript; charset=UTF-8	/assets/ja-Dwx5lbKk.js
200	application/javascript; charset=UTF-8	/assets/jspdf.es.min-CAGeG6d9.js
200	application/javascript; charset=UTF-8	/assets/label-CWjuBcds.js
200	application/javascript; charset=UTF-8	/assets/liverI18n-DnzkGyot.js
200	application/javascript; charset=UTF-8	/assets/popover-D0FqVA7S.js
200	application/javascript; charset=UTF-8	/assets/progress-DWyVntUD.js
200	application/javascript; charset=UTF-8	/assets/proxy-DV2ncfjK.js
200	application/javascript; charset=UTF-8	/assets/radio-group-DEkzlwUD.js
200	application/javascript; charset=UTF-8	/assets/scroll-area-CUynoYmI.js
200	application/javascript; charset=UTF-8	/assets/select-_2LboyKv.js
200	application/javascript; charset=UTF-8	/assets/switch-9jFU2iWP.js
200	application/javascript; charset=UTF-8	/assets/table-DnXluRPv.js
200	application/javascript; charset=UTF-8	/assets/tabs-BWphxCbr.js
200	application/javascript; charset=UTF-8	/assets/textarea-BGQV4VJZ.js
200	application/javascript; charset=UTF-8	/assets/useComposition-HCR03qgV.js
200	application/javascript; charset=UTF-8	/assets/vendor-charts-f-aQsiFd.js
200	application/javascript; charset=UTF-8	/assets/vendor-react-BN0qJr-I.js
200	application/javascript; charset=UTF-8	/assets/vendor-trpc-CSeZUWlz.js
200	application/javascript; charset=UTF-8	/assets/vendor-ui-DMWZKEi0.js
200	application/javascript; charset=UTF-8	/assets/xlsx-DGuHH-KN.js
